105.7 ABC Darwin,http://live-radio01.mediahubaustralia.com/8LRW/mp3/,105.7 ABC Darwin.jpg
1233 ABC Newcastle,http://live-radio01.mediahubaustralia.com/2NEWW/mp3/,1233 ABC Newcastle.jpg
612 ABC Brisbane,http://live-radio01.mediahubaustralia.com/4LRW/mp3/,612 ABC Brisbane.jpg
666 ABC Canberra,http://live-radio01.mediahubaustralia.com/1LRW/mp3/,666 ABC Canberra.jpg
702 ABC Sydney,http://live-radio01.mediahubaustralia.com/2LRW/mp3/,702 ABC Sydney.jpg
720 ABC Perth,http://live-radio01.mediahubaustralia.com/6LRW/mp3/,720 ABC Perth.jpg
774 ABC Melbourne,http://live-radio01.mediahubaustralia.com/3LRW/mp3/,774 ABC Melbourne.jpg
891 ABC Adelaide,http://live-radio01.mediahubaustralia.com/5LRW/mp3/,891 ABC Adelaide.jpg
936 ABC Hobart,http://live-radio01.mediahubaustralia.com/7LRW/mp3/,936 ABC Hobart.jpg
ABC Country,http://live-radio01.mediahubaustralia.com/CTRW/mp3/,ABC Country.jpg
ABC Extra,http://live-radio01.mediahubaustralia.com/XTDW/mp3/,ABC Extra.jpg
ABC Gold Coast,http://live-radio01.mediahubaustralia.com/4GLDW/mp3/,ABC Gold Coast.jpg
ABC Jazz,http://live-radio01.mediahubaustralia.com/JAZW/mp3/,ABC Jazz.jpg
ABC New England,http://live-radio03.mediahubaustralia.com/2TAMW/mp3/ http://live-radio04.mediahubaustralia.com/2TAMW/mp3/,ABC New England.jpg
ABC North and West,http://live-radio01.mediahubaustralia.com/5PIRW/mp3/,ABC North and West.jpg
ABC North Coast,http://live-radio03.mediahubaustralia.com/2LISW/mp3/ http://live-radio04.mediahubaustralia.com/2LISW/mp3/,ABC North Coast.jpg
ABC North Queensland,http://live-radio03.mediahubaustralia.com/4TOWW/mp3/ http://live-radio04.mediahubaustralia.com/4TOWW/mp3/,ABC North Queensland.jpg
ABC North West Qld,http://live-radio01.mediahubaustralia.com/4ISAW/mp3/,ABC North West Qld.jpg
ABC North West WA,http://live-radio01.mediahubaustralia.com/6KARW/mp3/,ABC North West WA.jpg
ABC Northern Tasmania,http://live-radio01.mediahubaustralia.com/7LAUW/mp3/,ABC Northern Tasmania.jpg
ABC Radio - Itinerant One,http://shoutmedia.abc.net.au:10438/,ABC Radio - Itinerant One.jpg
ABC Radio - Itinerant Three,http://shoutmedia.abc.net.au:10468/,ABC Radio - Itinerant Three.jpg
ABC Radio - Itinerant Two,http://shoutmedia.abc.net.au:10440/,ABC Radio - Itinerant Two.jpg
ABC Riverina,http://live-radio03.mediahubaustralia.com/2WAGW/mp3/ http://live-radio04.mediahubaustralia.com/2WAGW/mp3/,ABC Riverina.jpg
ABC Riverland,http://live-radio03.mediahubaustralia.com/5RENW/mp3/ http://live-radio04.mediahubaustralia.com/5RENW/mp3/,ABC Riverland.jpg
ABC RN NSW,http://live-radio01.mediahubaustralia.com/2RNW/mp3/,ABC RN NSW.jpg
ABC Shepparton,http://live-radio03.mediahubaustralia.com/3SHPW/mp3/ http://live-radio04.mediahubaustralia.com/3SHPW/mp3/,ABC Shepparton.jpg
ABC South East NSW,http://live-radio03.mediahubaustralia.com/2BGAW/mp3/ http://live-radio04.mediahubaustralia.com/2BGAW/mp3/,ABC South East NSW.jpg
ABC South East SA,http://live-radio03.mediahubaustralia.com/5MTGW/mp3/ http://live-radio04.mediahubaustralia.com/5MTGW/mp3/,ABC South East SA.jpg
ABC South West Vic,http://live-radio01.mediahubaustralia.com/3WARRW/mp3/,ABC South West Vic.jpg
ABC South West WA,http://live-radio01.mediahubaustralia.com/6BUNW/mp3/,ABC South West WA.jpg
ABC Southern Qld,http://live-radio01.mediahubaustralia.com/4TOOW/mp3/,ABC Southern Qld.jpg
ABC Sunshine Coast,http://live-radio03.mediahubaustralia.com/4SUNW/mp3/ http://live-radio04.mediahubaustralia.com/4SUNW/mp3/,ABC Sunshine Coast.jpg
ABC Tropical North,http://live-radio03.mediahubaustralia.com/4MACW/mp3/ http://live-radio04.mediahubaustralia.com/4MACW/mp3/,ABC Tropical North.jpg
ABC Western Plains,http://live-radio01.mediahubaustralia.com/2DUBW/mp3/,ABC Western Plains.jpg
ABC Western Qld,http://live-radio01.mediahubaustralia.com/4LONW/mp3/,ABC Western Qld.jpg
ABC Western Victoria,http://live-radio01.mediahubaustralia.com/3HORW/mp3/,ABC Western Victoria.jpg
ABC Wide Bay,http://live-radio03.mediahubaustralia.com/4BBGW/mp3/,ABC Wide Bay.jpg
Classic 2,http://live-radio01.mediahubaustralia.com/FM2W/mp3/,Classic 2.jpg
Classic FM NSW,http://live-radio01.mediahubaustralia.com/2FMW/mp3/,Classic FM NSW.jpg
Deep House Lounge (Philadelphia),http://198.15.94.34:8006/stream/1/,Deep House Lounge (Philadelphia).jpg
Double J NSW,http://live-radio01.mediahubaustralia.com/DJDW/mp3/,Double J NSW.jpg
En Mode Portugal,https://listen.radioking.com/radio/6469/stream/63283,En Mode Portugal.jpg
FIP,https://icecast.radiofrance.fr/fip-midfi.mp3,FIP.jpg
France Bleu Paris,http://direct.francebleu.fr/live/fb1071-midfi.mp3,France Bleu Paris.jpg
France Inter,https://icecast.radiofrance.fr/franceinter-midfi.mp3,France Inter.jpg
France Musique,https://icecast.radiofrance.fr/francemusique-midfi.mp3,France Musique.jpg
Gay FM (Berlin),https://icepool.silvacast.com/GAYFM.mp3,Gay FM (Berlin).jpg
Magic Soul (London),https://stream-mz.planetradio.co.uk/magicsoul.mp3,Magic Soul (London).jpg
NewsRadio,http://live-radio01.mediahubaustralia.com/PBW/mp3/,NewsRadio.jpg
Radio 1 BE,https://icecast.vrtcdn.be/radio1-high.mp3,Radio 1 BE.jpg
Radio Farda (Tehran),https://n03.radiojar.com/cp13r2cpn3quv,Radio Farda (Tehran).jpg
Russkoe Radio,https://rusradio.hostingradio.ru/rusradio96.aacp,Russkoe Radio.jpg
Timbre FM,http://5.39.86.216:8666/timbrefm,Timbre FM.jpg
Triple J NSW,http://live-radio01.mediahubaustralia.com/2TJW/mp3/,Triple J NSW.jpg
Triple J Unearthed,http://live-radio01.mediahubaustralia.com/UNEW/mp3/,Triple J Unearthed.jpg
WBGO,https://wbgo.streamguys1.com/wbgo128,WBGO.jpg
WBLS,https://playerservices.streamtheworld.com/api/livestream-redirect/WBLSFM.mp3,WBLS.jpg
WKCR,https://wkcr.streamguys1.com/live,WKCR.jpg
WNYC,https://fm939.wnyc.org/wnycfm-web,WNYC.jpg
WQXR,https://stream.wqxr.org/wqxr-web,WQXR.jpg
